Workbook

Sheet Data
A1: Make | B1: Model | C1: Overall Score | D1: Recommended | E1: Owner Satisfaction | F1: Overall Miles Per Gallon | G1: Acceleration (0-60) Sec
A2: Subaru | B2: Forester | C2: 84 | D2: Yes | E2: + | F2: 26 | G2: 8.7
A3: Honda | B3: CRV | C3: 83 | D3: Yes | E3: ++ | F3: 27 | G3: 8.6
A4: Toyota | B4: Rav4 | C4: 81 | D4: Yes | E4: ++ | F4: 24 | G4: 9.3
A5: Nissan | B5: Rogue | C5: 73 | D5: Yes | E5: + | F5: 24 | G5: 9.5
A6: Mazda | B6: CX-5 | C6: 71 | D6: Yes | E6: ++ | F6: 24 | G6: 8.6
A7: Kia | B7: Sportage | C7: 71 | D7: Yes | E7: + | F7: 23 | G7: 9.6
A8: Ford | B8: Escape | C8: 69 | D8: Yes | E8: 0 | F8: 23 | G8: 10.1
A9: Volkswagen | B9: Tiguan Limited | C9: 67 | D9: No | E9: 0 | F9: 21 | G9: 8.5
A10: Volkswagen | B10: Tiguan | C10: 65 | D10: No | E10: + | F10: 25 | G10: 10.3
A11: Mitsubishi | B11: Outlander | C11: 63 | D11: No | E11: 0 | F11: 24 | G11: 10
A12: Chevrolet | B12: Equinox | C12: 63 | D12: No | E12: 0 | F12: 31 | G12: 10.1
A13: Hyundai | B13: Tuscon | C13: 57 | D13: No | E13: 0 | F13: 26 | G13: 8.4
A14: GMC | B14: Terrain | C14: 57 | D14: No | E14: 0 | F14: 22 | G14: 7.2
A15: Jeep | B15: Cherokee | C15: 55 | D15: No | E15: - | F15: 22 | G15: 10.9
A16: Jeep | B16: Compass | C16: 50 | D16: No | E16: 0 | F16: 24 | G16: 9.8

Sheet 1 Frequencies
A1: §2.1 Frequency distributions and bar charts
A2: compactsuv.xlsx · every count is a live COUNTIF against the Data sheet. n = 15.
A4: RECOMMENDED — a 2-category nominal variable
A5: Recommended | B5: Frequency | C5: Relative freq. | D5: Percent freq.
A6: Yes | B6: =COUNTIF(Data!$D$2:$D$16,A6) | C6: =B6/$B$8 | D6: =C6
A7: No | B7: =COUNTIF(Data!$D$2:$D$16,A7) | C7: =B7/$B$8 | D7: =C7
A8: Total | B8: =SUM(B6:B7) | C8: =SUM(C6:C7)
A9: Check: the total must read 15 and the relative frequencies must sum to 1.000. If not, a category is missing or misspelled.
A11: OWNER SATISFACTION — a 4-level ordinal variable, in SCALE order
A12: Owner Satisfaction | B12: Frequency | C12: Relative freq. | D12: Percent freq.
A13: ++ | B13: =COUNTIF(Data!$E$2:$E$16,A13) | C13: =B13/$B$17 | D13: =C13
A14: + | B14: =COUNTIF(Data!$E$2:$E$16,A14) | C14: =B14/$B$17 | D14: =C14
A15: 0 | B15: =COUNTIF(Data!$E$2:$E$16,A15) | C15: =B15/$B$17 | D15: =C15
A16: - | B16: =COUNTIF(Data!$E$2:$E$16,A16) | C16: =B16/$B$17 | D16: =C16
A17: Total | B17: =SUM(B13:B16) | C17: =IF(B17=COUNTA(Data!E2:E16),"OK - all 15 accounted for","CHECK - a category is missing or miscounted")
A18: Rows are in the scale's own order (++ > + > 0 > -), NOT sorted by count — the order carries meaning for an ordinal variable. Note A15 holds the NUMBER zero, which is why =AVERAGE(Data!E2:E16) returns a clean, wrong 0.
A19: COUNT vs COUNTA on the same column is the only way to see it.
A20: COUNT (numeric cells) | B20: COUNTA (filled cells) | C20: AVERAGE (the wrong answer)
A21: =COUNT(Data!E2:E16) | B21: =COUNTA(Data!E2:E16) | C21: =AVERAGE(Data!E2:E16)
A23: Expect 7, 15, and 0. Seven numeric zeros were averaged and eight text cells were discarded without warning.
A25: MAKE — the chart that DOES NOT WORK, and why
A26: Make | B26: Frequency
A27: Chevrolet | B27: =COUNTIF(Data!$A$2:$A$16,A27&"*")
A28: Ford | B28: =COUNTIF(Data!$A$2:$A$16,A28&"*")
A29: GMC | B29: =COUNTIF(Data!$A$2:$A$16,A29&"*")
A30: Honda | B30: =COUNTIF(Data!$A$2:$A$16,A30&"*")
A31: Hyundai | B31: =COUNTIF(Data!$A$2:$A$16,A31&"*")
A32: Jeep | B32: =COUNTIF(Data!$A$2:$A$16,A32&"*")
A33: Kia | B33: =COUNTIF(Data!$A$2:$A$16,A33&"*")
A34: Mazda | B34: =COUNTIF(Data!$A$2:$A$16,A34&"*")
A35: Mitsubishi | B35: =COUNTIF(Data!$A$2:$A$16,A35&"*")
A36: Nissan | B36: =COUNTIF(Data!$A$2:$A$16,A36&"*")
A37: Subaru | B37: =COUNTIF(Data!$A$2:$A$16,A37&"*")
A38: Toyota | B38: =COUNTIF(Data!$A$2:$A$16,A38&"*")
A39: Volkswagen | B39: =COUNTIF(Data!$A$2:$A$16,A39&"*")
A40: Total | B40: =SUM(B27:B39) | C40: =IF(B40=COUNTA(Data!A2:A16),"OK - all 15 accounted for","CHECK - a make is missing or miscounted")
A42: 13 distinct makes across 15 vehicles: eleven bars of height 1 and two of height 2. A bar chart needs categories that repeat — this one has no shape to read. Note the trailing space in "Jeep " in the source data, which is why these COUNTIFs use a wildcard.

Sheet 2 Descriptive
A1: §3.1–3.3 Numerical measures
A2: Three quantitative variables. Course convention: the .S (sample) variants.
A4: LOCATION, VARIABILITY, AND SHAPE
A5: Measure | B5: Overall Score | C5: Overall MPG | D5: Acceleration 0–60
A6: n (numeric cells) | B6: =COUNT(Data!C2:C16) | C6: =COUNT(Data!F2:F16) | D6: =COUNT(Data!G2:G16)
A7: Minimum | B7: =MIN(Data!C2:C16) | C7: =MIN(Data!F2:F16) | D7: =MIN(Data!G2:G16)
A8: Maximum | B8: =MAX(Data!C2:C16) | C8: =MAX(Data!F2:F16) | D8: =MAX(Data!G2:G16)
A9: Range | B9: =MAX(Data!C2:C16)-MIN(Data!C2:C16) | C9: =MAX(Data!F2:F16)-MIN(Data!F2:F16) | D9: =MAX(Data!G2:G16)-MIN(Data!G2:G16)
A10: Mean | B10: =AVERAGE(Data!C2:C16) | C10: =AVERAGE(Data!F2:F16) | D10: =AVERAGE(Data!G2:G16)
A11: Median | B11: =MEDIAN(Data!C2:C16) | C11: =MEDIAN(Data!F2:F16) | D11: =MEDIAN(Data!G2:G16)
A12: Mode | B12: =IFERROR(MODE.SNGL(Data!C2:C16),"no mode") | C12: =IFERROR(MODE.SNGL(Data!F2:F16),"no mode") | D12: =IFERROR(MODE.SNGL(Data!G2:G16),"no mode")
A13: Distinct values | B13: =SUMPRODUCT((Data!C2:C16<>"")/COUNTIF(Data!C2:C16,Data!C2:C16&"")) | C13: =SUMPRODUCT((Data!F2:F16<>"")/COUNTIF(Data!F2:F16,Data!F2:F16&"")) | D13: =SUMPRODUCT((Data!G2:G16<>"")/COUNTIF(Data!G2:G16,Data!G2:G16&""))
A14: Q1 | B14: =QUARTILE.INC(Data!C2:C16,1) | C14: =QUARTILE.INC(Data!F2:F16,1) | D14: =QUARTILE.INC(Data!G2:G16,1)
A15: Q3 | B15: =QUARTILE.INC(Data!C2:C16,3) | C15: =QUARTILE.INC(Data!F2:F16,3) | D15: =QUARTILE.INC(Data!G2:G16,3)
A16: IQR | B16: =QUARTILE.INC(Data!C2:C16,3)-QUARTILE.INC(Data!C2:C16,1) | C16: =QUARTILE.INC(Data!F2:F16,3)-QUARTILE.INC(Data!F2:F16,1) | D16: =QUARTILE.INC(Data!G2:G16,3)-QUARTILE.INC(Data!G2:G16,1)
A17: Variance (sample) | B17: =VAR.S(Data!C2:C16) | C17: =VAR.S(Data!F2:F16) | D17: =VAR.S(Data!G2:G16)
A18: Std deviation (sample) | B18: =STDEV.S(Data!C2:C16) | C18: =STDEV.S(Data!F2:F16) | D18: =STDEV.S(Data!G2:G16)
A19: Coefficient of variation | B19: =STDEV.S(Data!C2:C16)/AVERAGE(Data!C2:C16) | C19: =STDEV.S(Data!F2:F16)/AVERAGE(Data!F2:F16) | D19: =STDEV.S(Data!G2:G16)/AVERAGE(Data!G2:G16)
A21: Mean ≈ median on Overall Score, so its distribution is essentially symmetric — contrast nations.xlsx per-capita GDP, which is strongly right-skewed.
A22: The mode is only meaningful for MPG. Overall Score is trimodal and Acceleration has 13 distinct values in 15 rows, so MODE.SNGL returns the first of several ties — compare the 'Distinct values' row before trusting a mode.
A23: The CV is the only row you may compare ACROSS the three columns; the standard deviations are in different units.
A25: OUTLIER DETECTION — z-scores and the 1.5 × IQR rule on Overall MPG
A26: Model | B26: Overall MPG | C26: z-score | D26: Beyond 1.5×IQR?
A27: =Data!B2 | B27: =Data!F2 | C27: =(B27-AVERAGE(Data!$F$2:$F$16))/STDEV.S(Data!$F$2:$F$16) | D27: =IF(OR(B27<QUARTILE.INC(Data!$F$2:$F$16,1)-1.5*(QUARTILE.INC(Data!$F$2:$F$16,3)-QUARTILE.INC(Data!$F$2:$F$16,1)),B27>QUARTILE.INC(Data!$F$2:$F$16,3)+1.5*(QUARTILE.INC(Data!$F$2:$F$16,3)-QUARTILE.INC(Data!$F$2:$F$16,1))),"OUTLIER","")
A28: =Data!B3 | B28: =Data!F3 | C28: =(B28-AVERAGE(Data!$F$2:$F$16))/STDEV.S(Data!$F$2:$F$16) | D28: =IF(OR(B28<QUARTILE.INC(Data!$F$2:$F$16,1)-1.5*(QUARTILE.INC(Data!$F$2:$F$16,3)-QUARTILE.INC(Data!$F$2:$F$16,1)),B28>QUARTILE.INC(Data!$F$2:$F$16,3)+1.5*(QUARTILE.INC(Data!$F$2:$F$16,3)-QUARTILE.INC(Data!$F$2:$F$16,1))),"OUTLIER","")
A29: =Data!B4 | B29: =Data!F4 | C29: =(B29-AVERAGE(Data!$F$2:$F$16))/STDEV.S(Data!$F$2:$F$16) | D29: =IF(OR(B29<QUARTILE.INC(Data!$F$2:$F$16,1)-1.5*(QUARTILE.INC(Data!$F$2:$F$16,3)-QUARTILE.INC(Data!$F$2:$F$16,1)),B29>QUARTILE.INC(Data!$F$2:$F$16,3)+1.5*(QUARTILE.INC(Data!$F$2:$F$16,3)-QUARTILE.INC(Data!$F$2:$F$16,1))),"OUTLIER","")
A30: =Data!B5 | B30: =Data!F5 | C30: =(B30-AVERAGE(Data!$F$2:$F$16))/STDEV.S(Data!$F$2:$F$16) | D30: =IF(OR(B30<QUARTILE.INC(Data!$F$2:$F$16,1)-1.5*(QUARTILE.INC(Data!$F$2:$F$16,3)-QUARTILE.INC(Data!$F$2:$F$16,1)),B30>QUARTILE.INC(Data!$F$2:$F$16,3)+1.5*(QUARTILE.INC(Data!$F$2:$F$16,3)-QUARTILE.INC(Data!$F$2:$F$16,1))),"OUTLIER","")
A31: =Data!B6 | B31: =Data!F6 | C31: =(B31-AVERAGE(Data!$F$2:$F$16))/STDEV.S(Data!$F$2:$F$16) | D31: =IF(OR(B31<QUARTILE.INC(Data!$F$2:$F$16,1)-1.5*(QUARTILE.INC(Data!$F$2:$F$16,3)-QUARTILE.INC(Data!$F$2:$F$16,1)),B31>QUARTILE.INC(Data!$F$2:$F$16,3)+1.5*(QUARTILE.INC(Data!$F$2:$F$16,3)-QUARTILE.INC(Data!$F$2:$F$16,1))),"OUTLIER","")
A32: =Data!B7 | B32: =Data!F7 | C32: =(B32-AVERAGE(Data!$F$2:$F$16))/STDEV.S(Data!$F$2:$F$16) | D32: =IF(OR(B32<QUARTILE.INC(Data!$F$2:$F$16,1)-1.5*(QUARTILE.INC(Data!$F$2:$F$16,3)-QUARTILE.INC(Data!$F$2:$F$16,1)),B32>QUARTILE.INC(Data!$F$2:$F$16,3)+1.5*(QUARTILE.INC(Data!$F$2:$F$16,3)-QUARTILE.INC(Data!$F$2:$F$16,1))),"OUTLIER","")
A33: =Data!B8 | B33: =Data!F8 | C33: =(B33-AVERAGE(Data!$F$2:$F$16))/STDEV.S(Data!$F$2:$F$16) | D33: =IF(OR(B33<QUARTILE.INC(Data!$F$2:$F$16,1)-1.5*(QUARTILE.INC(Data!$F$2:$F$16,3)-QUARTILE.INC(Data!$F$2:$F$16,1)),B33>QUARTILE.INC(Data!$F$2:$F$16,3)+1.5*(QUARTILE.INC(Data!$F$2:$F$16,3)-QUARTILE.INC(Data!$F$2:$F$16,1))),"OUTLIER","")
A34: =Data!B9 | B34: =Data!F9 | C34: =(B34-AVERAGE(Data!$F$2:$F$16))/STDEV.S(Data!$F$2:$F$16) | D34: =IF(OR(B34<QUARTILE.INC(Data!$F$2:$F$16,1)-1.5*(QUARTILE.INC(Data!$F$2:$F$16,3)-QUARTILE.INC(Data!$F$2:$F$16,1)),B34>QUARTILE.INC(Data!$F$2:$F$16,3)+1.5*(QUARTILE.INC(Data!$F$2:$F$16,3)-QUARTILE.INC(Data!$F$2:$F$16,1))),"OUTLIER","")
A35: =Data!B10 | B35: =Data!F10 | C35: =(B35-AVERAGE(Data!$F$2:$F$16))/STDEV.S(Data!$F$2:$F$16) | D35: =IF(OR(B35<QUARTILE.INC(Data!$F$2:$F$16,1)-1.5*(QUARTILE.INC(Data!$F$2:$F$16,3)-QUARTILE.INC(Data!$F$2:$F$16,1)),B35>QUARTILE.INC(Data!$F$2:$F$16,3)+1.5*(QUARTILE.INC(Data!$F$2:$F$16,3)-QUARTILE.INC(Data!$F$2:$F$16,1))),"OUTLIER","")
A36: =Data!B11 | B36: =Data!F11 | C36: =(B36-AVERAGE(Data!$F$2:$F$16))/STDEV.S(Data!$F$2:$F$16) | D36: =IF(OR(B36<QUARTILE.INC(Data!$F$2:$F$16,1)-1.5*(QUARTILE.INC(Data!$F$2:$F$16,3)-QUARTILE.INC(Data!$F$2:$F$16,1)),B36>QUARTILE.INC(Data!$F$2:$F$16,3)+1.5*(QUARTILE.INC(Data!$F$2:$F$16,3)-QUARTILE.INC(Data!$F$2:$F$16,1))),"OUTLIER","")
A37: =Data!B12 | B37: =Data!F12 | C37: =(B37-AVERAGE(Data!$F$2:$F$16))/STDEV.S(Data!$F$2:$F$16) | D37: =IF(OR(B37<QUARTILE.INC(Data!$F$2:$F$16,1)-1.5*(QUARTILE.INC(Data!$F$2:$F$16,3)-QUARTILE.INC(Data!$F$2:$F$16,1)),B37>QUARTILE.INC(Data!$F$2:$F$16,3)+1.5*(QUARTILE.INC(Data!$F$2:$F$16,3)-QUARTILE.INC(Data!$F$2:$F$16,1))),"OUTLIER","")
A38: =Data!B13 | B38: =Data!F13 | C38: =(B38-AVERAGE(Data!$F$2:$F$16))/STDEV.S(Data!$F$2:$F$16) | D38: =IF(OR(B38<QUARTILE.INC(Data!$F$2:$F$16,1)-1.5*(QUARTILE.INC(Data!$F$2:$F$16,3)-QUARTILE.INC(Data!$F$2:$F$16,1)),B38>QUARTILE.INC(Data!$F$2:$F$16,3)+1.5*(QUARTILE.INC(Data!$F$2:$F$16,3)-QUARTILE.INC(Data!$F$2:$F$16,1))),"OUTLIER","")
... A41: =Data!B16 | B41: =Data!F16 | C41: =(B41-AVERAGE(Data!$F$2:$F$16))/STDEV.S(Data!$F$2:$F$16) | D41: =IF(OR(B41<QUARTILE.INC(Data!$F$2:$F$16,1)-1.5*(QUARTILE.INC(Data!$F$2:$F$16,3)-QUARTILE.INC(Data!$F$2:$F$16,1)),B41>QUARTILE.INC(Data!$F$2:$F$16,3)+1.5*(QUARTILE.INC(Data!$F$2:$F$16,3)-QUARTILE.INC(Data!$F$2:$F$16,1))),"OUTLIER","")
A43: Exactly one row flags: the Chevrolet Equinox at 31 mpg, z ≈ +2.70 — the best fuel economy on the list, and it is NOT recommended. Excel has no boxplot in older versions; in Microsoft 365 use Insert › Charts › Box and Whisker.

Sheet 3 Association
A1: §2.5 and §3.4–3.5 Scatter diagrams, covariance, and correlation
A2: The headline finding: Overall Score is uncorrelated with both measured variables.
A4: CORRELATION MATRIX — r
B5: Overall Score | C5: Overall MPG | D5: Acceleration 0–60
A6: Overall Score | B6: =CORREL(Data!C2:C16,Data!C2:C16) | C6: =CORREL(Data!C2:C16,Data!F2:F16) | D6: =CORREL(Data!C2:C16,Data!G2:G16)
A7: Overall MPG | B7: =CORREL(Data!F2:F16,Data!C2:C16) | C7: =CORREL(Data!F2:F16,Data!F2:F16) | D7: =CORREL(Data!F2:F16,Data!G2:G16)
A8: Acceleration 0–60 | B8: =CORREL(Data!G2:G16,Data!C2:C16) | C8: =CORREL(Data!G2:G16,Data!F2:F16) | D8: =CORREL(Data!G2:G16,Data!G2:G16)
A10: Pair | B10: r | C10: r² (coeff. of determination) | D10: Covariance (sample)
A11: Score ~ MPG | B11: =CORREL(Data!C2:C16,Data!F2:F16) | C11: =B11^2 | D11: =COVARIANCE.S(Data!C2:C16,Data!F2:F16)
A12: Score ~ Acceleration | B12: =CORREL(Data!C2:C16,Data!G2:G16) | C12: =B12^2 | D12: =COVARIANCE.S(Data!C2:C16,Data!G2:G16)
A13: MPG ~ Acceleration | B13: =CORREL(Data!F2:F16,Data!G2:G16) | C13: =B13^2 | D13: =COVARIANCE.S(Data!F2:F16,Data!G2:G16)
A15: All three |r| are below 0.20 and every r² is under 0.04. Consumer Reports built Overall Score as a weighted composite, yet it tracks neither measured variable in this file — so whatever drives that score is NOT in this table.
A16: r ≈ 0 means no LINEAR relationship in THESE variables. It does not mean no relationship exists. Read the scatter plots, do not just read r.

Sheet 4 Crosstab
A1: §2.3 Crosstabulation — Recommended × Owner Satisfaction
A2: Two categorical variables at once. Counts are live COUNTIFS against the Data sheet.
A4: FREQUENCIES
A5: Recommended | B5: ++ | C5: + | D5: 0 | E5: - | F5: Total
A6: Yes | B6: =COUNTIFS(Data!$D$2:$D$16,$A6,Data!$E$2:$E$16,"++") | C6: =COUNTIFS(Data!$D$2:$D$16,$A6,Data!$E$2:$E$16,"+") | D6: =COUNTIFS(Data!$D$2:$D$16,$A6,Data!$E$2:$E$16,0) | E6: =COUNTIFS(Data!$D$2:$D$16,$A6,Data!$E$2:$E$16,"-") | F6: =SUM(B6:E6)
A7: No | B7: =COUNTIFS(Data!$D$2:$D$16,$A7,Data!$E$2:$E$16,"++") | C7: =COUNTIFS(Data!$D$2:$D$16,$A7,Data!$E$2:$E$16,"+") | D7: =COUNTIFS(Data!$D$2:$D$16,$A7,Data!$E$2:$E$16,0) | E7: =COUNTIFS(Data!$D$2:$D$16,$A7,Data!$E$2:$E$16,"-") | F7: =SUM(B7:E7)
A8: Total | B8: =SUM(B6:B7) | C8: =SUM(C6:C7) | D8: =SUM(D6:D7) | E8: =SUM(E6:E7) | F8: =SUM(F6:F7)
A9: The grand total in F8 must read 15.
A11: ROW PERCENTAGES — the comparison the raw counts hide
A12: Recommended | B12: ++ | C12: + | D12: 0 | E12: - | F12: Total
A13: Yes | B13: =B6/$F$6 | C13: =C6/$F$6 | D13: =D6/$F$6 | E13: =E6/$F$6 | F13: =SUM(B13:E13)
A14: No | B14: =B7/$F$7 | C14: =C7/$F$7 | D14: =D7/$F$7 | E14: =E7/$F$7 | F14: =SUM(B14:E14)
A16: All three '++' ratings are recommended; six of the seven '0' ratings are not. Row percentages let you compare the two rows even though they hold 7 and 8 cars.
A17: Caution before you interpret this: seven of the fifteen Owner Satisfaction values are the NUMBER zero — the same cells that make AVERAGE return 0. If 0 is a genuine neutral rating this association is real; if it is a missing-data placeholder, it is an artifact. Verify how Consumer Reports codes that scale.
A19: CONDITIONAL MEANS — what 'Recommended' actually tracks
A20: Recommended | B20: n | C20: Mean Overall Score | D20: Mean Overall MPG | E20: Mean Acceleration
A21: Yes | B21: =COUNTIF(Data!$D$2:$D$16,A21) | C21: =AVERAGEIF(Data!$D$2:$D$16,$A21,Data!$C$2:$C$16) | D21: =AVERAGEIF(Data!$D$2:$D$16,$A21,Data!$F$2:$F$16) | E21: =AVERAGEIF(Data!$D$2:$D$16,$A21,Data!$G$2:$G$16)
A22: No | B22: =COUNTIF(Data!$D$2:$D$16,A22) | C22: =AVERAGEIF(Data!$D$2:$D$16,$A22,Data!$C$2:$C$16) | D22: =AVERAGEIF(Data!$D$2:$D$16,$A22,Data!$F$2:$F$16) | E22: =AVERAGEIF(Data!$D$2:$D$16,$A22,Data!$G$2:$G$16)
A23: Gap (Yes − No) | C23: =C21-C22 | D23: =D21-D22 | E23: =E21-E22
A25: A 16-point gap in Overall Score and a gap of about 0.05 mpg. 'Recommended' is a threshold on Overall Score at roughly 68 (lowest Yes = 69, highest No = 67) and is indifferent to fuel economy — which is how the Equinox gets the best mpg on the list and is still not recommended.
A27: Lowest score marked Yes | B27: =MINIFS(Data!C2:C16,Data!D2:D16,"Yes")
A28: Highest score marked No | B28: =MAXIFS(Data!C2:C16,Data!D2:D16,"No")
