Workbook

Sheet Data
A1: Make | B1: Model | C1: Overall Score | D1: Recommended | E1: Owner Satisfaction | F1: Overall Miles Per Gallon | G1: Acceleration (0-60) Sec
A2: Subaru | B2: Forester | C2: 84 | D2: Yes | E2: + | F2: 26 | G2: 8.7
A3: Honda | B3: CRV | C3: 83 | D3: Yes | E3: ++ | F3: 27 | G3: 8.6
A4: Toyota | B4: Rav4 | C4: 81 | D4: Yes | E4: ++ | F4: 24 | G4: 9.3
A5: Nissan | B5: Rogue | C5: 73 | D5: Yes | E5: + | F5: 24 | G5: 9.5
A6: Mazda | B6: CX-5 | C6: 71 | D6: Yes | E6: ++ | F6: 24 | G6: 8.6
A7: Kia | B7: Sportage | C7: 71 | D7: Yes | E7: + | F7: 23 | G7: 9.6
A8: Ford | B8: Escape | C8: 69 | D8: Yes | E8: 0 | F8: 23 | G8: 10.1
A9: Volkswagen | B9: Tiguan Limited | C9: 67 | D9: No | E9: 0 | F9: 21 | G9: 8.5
A10: Volkswagen | B10: Tiguan | C10: 65 | D10: No | E10: + | F10: 25 | G10: 10.3
A11: Mitsubishi | B11: Outlander | C11: 63 | D11: No | E11: 0 | F11: 24 | G11: 10
A12: Chevrolet | B12: Equinox | C12: 63 | D12: No | E12: 0 | F12: 31 | G12: 10.1
A13: Hyundai | B13: Tuscon | C13: 57 | D13: No | E13: 0 | F13: 26 | G13: 8.4
A14: GMC | B14: Terrain | C14: 57 | D14: No | E14: 0 | F14: 22 | G14: 7.2
A15: Jeep | B15: Cherokee | C15: 55 | D15: No | E15: - | F15: 22 | G15: 10.9
A16: Jeep | B16: Compass | C16: 50 | D16: No | E16: 0 | F16: 24 | G16: 9.8

Sheet Summary
A1: BMGT 240IS · Chapter 1 · compactsuv.xlsx — Summary
A2: Camm et al., Essentials of Modern Business Statistics with Microsoft Excel, 9e · Ch 1 — every figure is a live formula against the Data sheet, not a pasted value.
A4: DATA SET ANATOMY
A5: Elements (vehicles) | B5: =COUNTA(Data!B2:B16) -> 15 | C5: column B (Model) holds observation names
A6: Variables | B6: =COUNTA(Data!A1)+COUNTA(Data!C1:G1) -> 6 | C6: Make + the five measured columns; Model is the label | D6: Treating Make as part of the identifier instead gives 5 variables / 75 values — also defensible. Pick one and stay with it.
A7: Observations | B7: =B5 -> 15 | C7: a data set with n elements has n observations
A8: Data values | B8: =B5*B6 -> 90 | C8: elements x variables
A10: VARIABLE SUMMARY
A11: Variable | B11: Scale | C11: Categorical / quantitative | D11: Distinct | E11: Distribution in this file
A12: Make | B12: Nominal | C12: Categorical | D12: =SUMPRODUCT((Data!A2:A16<>"")/COUNTIF(Data!A2:A16,Data!A2:A16&"")) -> 13 | E12: ="13 makes across 15 vehicles — Volkswagen and Jeep appear twice" -> 13 makes across 15 vehicles — Volkswagen and Jeep appear twice
A13: Overall Score | B13: Interval | C13: Quantitative | D13: =SUMPRODUCT((Data!C2:C16<>"")/COUNTIF(Data!C2:C16,Data!C2:C16&"")) -> 12 | E13: =MIN(Data!C2:C16)&" to "&MAX(Data!C2:C16)&" · mean "&TEXT(AVERAGE(Data!C2:C16),"0.0") -> 50 to 84 · mean 67.3
A14: Recommended | B14: Nominal | C14: Categorical | D14: =SUMPRODUCT((Data!D2:D16<>"")/COUNTIF(Data!D2:D16,Data!D2:D16&"")) -> 2 | E14: ="Yes "&COUNTIF(Data!D2:D16,"Yes")&" · No "&COUNTIF(Data!D2:D16,"No") -> Yes 7 · No 8
A15: Owner Satisfaction | B15: Ordinal | C15: Categorical | D15: =SUMPRODUCT((Data!E2:E16<>"")/COUNTIF(Data!E2:E16,Data!E2:E16&"")) -> 4 | E15: ="++ "&COUNTIF(Data!E2:E16,"++")&" · + "&COUNTIF(Data!E2:E16,"+")&" · 0 "&COUNTIF(Data!E2:E16,0)&" · - "&COUNTIF(Data!E2:E16,"-") -> ++ 3 · + 4 · 0 7 · - 1
A16: Overall MPG | B16: Ratio | C16: Quantitative | D16: =SUMPRODUCT((Data!F2:F16<>"")/COUNTIF(Data!F2:F16,Data!F2:F16&"")) -> 8 | E16: =MIN(Data!F2:F16)&" to "&MAX(Data!F2:F16)&" mpg · mean "&TEXT(AVERAGE(Data!F2:F16),"0.0") -> 21 to 31 mpg · mean 24.4
A17: Acceleration 0-60 | B17: Ratio | C17: Quantitative | D17: =SUMPRODUCT((Data!G2:G16<>"")/COUNTIF(Data!G2:G16,Data!G2:G16&"")) -> 13 | E17: =MIN(Data!G2:G16)&" to "&MAX(Data!G2:G16)&" sec · mean "&TEXT(AVERAGE(Data!G2:G16),"0.00") -> 7.2 to 10.9 sec · mean 9.31
A19: THE THREE QUANTITATIVE VARIABLES
B20: Overall Score | C20: Overall MPG | D20: Acceleration
A21: n | B21: =COUNT(Data!C2:C16) -> 15 | C21: =COUNT(Data!F2:F16) -> 15 | D21: =COUNT(Data!G2:G16) -> 15
A22: Minimum | B22: =MIN(Data!C2:C16) -> 50 | C22: =MIN(Data!F2:F16) -> 21 | D22: =MIN(Data!G2:G16) -> 7.2
A23: Maximum | B23: =MAX(Data!C2:C16) -> 84 | C23: =MAX(Data!F2:F16) -> 31 | D23: =MAX(Data!G2:G16) -> 10.9
A24: Mean | B24: =AVERAGE(Data!C2:C16) -> 67.266667 | C24: =AVERAGE(Data!F2:F16) -> 24.4 | D24: =AVERAGE(Data!G2:G16) -> 9.3066667
A25: Median | B25: =MEDIAN(Data!C2:C16) -> 67 | C25: =MEDIAN(Data!F2:F16) -> 24 | D25: =MEDIAN(Data!G2:G16) -> 9.5
A26: Std deviation (sample) | B26: =_xludf.STDEV.S(Data!C2:C16) -> #NAME? | C26: =_xludf.STDEV.S(Data!F2:F16) -> #NAME? | D26: =_xludf.STDEV.S(Data!G2:G16) -> #NAME?
A28: WHICH ARITHMETIC IS LEGAL — the day-1 demo
A29: Ordinal scale — Excel answers anyway: | B29: =AVERAGE(Data!E2:E16) -> 0 | C29: returns a clean, WRONG 0 — no warning, no error
A30: How many cells it actually used: | B30: =COUNT(Data!E2:E16) -> 7 | C30: 7 numeric zeros
A31: How many cells are filled: | B31: =COUNTA(Data!E2:E16) -> 15 | C31: 15 — eight text cells were silently discarded. COUNT vs COUNTA is the only tell.
A33: 'RECOMMENDED' IS MANUFACTURED, NOT MEASURED
A34: Lowest score marked Yes | B34: =_xludf.MINIFS(Data!C2:C16,Data!D2:D16,"Yes") -> #NAME?
A35: Highest score marked No | B35: =_xludf.MAXIFS(Data!C2:C16,Data!D2:D16,"No") -> #NAME?
A36: Recommended is a threshold on Overall Score at roughly 68 — a categorical variable built by cutting a quantitative one. Who chose 68, and does it matter to the car at 57?
A38: WHERE DID EACH COLUMN COME FROM? (§1.3 — three ways to get data, one table)
A39: Column | C39: How it was obtained | D39: Book's category
A40: Overall MPG, Acceleration | C40: Consumer Reports drove the cars on a test track under controlled conditions | D40: experiment / controlled measurement
A41: Owner Satisfaction | C41: they surveyed people who already own one | D41: observational study — a survey
A42: Overall Score | C42: CR combined the measurements using weights of their own choosing | D42: constructed composite
A43: Recommended | C43: a threshold applied to Overall Score | D43: derived from another column
A44: Four columns, four different kinds of knowing — formatted identically, and Excel treats them all the same. Nothing in a spreadsheet tells you which is which.
A46: KEY TERMS — Camm 9e, Chapter 1 (definitions verbatim from the textbook)
A47: Term | B47: § | C47: Definition (Camm 9e) | D47: In this file
A48: Data | B48: §1.2 | C48: The facts and figures collected, analyzed, and summarized for presentation and interpretation.
A49: Elements | B49: §1.2 | C49: The entities on which data are collected. | D49: the 15 compact SUVs — rows 2:16
A50: Variable | B50: §1.2 | C50: A characteristic of interest for the elements. | D50: Make, Overall Score, Recommended, Owner Satisfaction, MPG, Acceleration
A51: Data set | B51: §1.2 | C51: All the data collected in a particular study. | D51: 15 elements x 6 variables = 90 data values
A52: Observation | B52: §1.2 | C52: The set of measurements obtained for a particular element. | D52: one row — Forester: Subaru, 84, Yes, +, 26, 8.7
A53: Nominal scale | B53: §1.2 | C53: The scale of measurement for a variable when the data are labels or names used to identify an attribute of an element. Nominal data may be non-numeric or numeric. | D53: Make (13 distinct across 15 rows); Recommended (Yes / No)
A54: Ordinal scale | B54: §1.2 | C54: The scale of measurement for a variable if the data exhibit the properties of nominal data and the order or rank of the data is meaningful. Ordinal data may be nonnumeric or numeric. | D54: Owner Satisfaction — - < 0 < + < ++
A55: Interval scale | B55: §1.2 | C55: The scale of measurement for a variable if the data demonstrate the properties of ordinal data and the interval between values is expressed in terms of a fixed unit of measure. Interval data are always numeric. | D55: Overall Score (50-84) — differences mean something, ratios do not
A56: Ratio scale | B56: §1.2 | C56: The scale of measurement for a variable if the data demonstrate all the properties of interval data and the ratio of two values is meaningful. Ratio data are always numerical. | D56: Overall MPG (21-31); Acceleration 0-60 (7.2-10.9 sec)
A57: Categorical data | B57: §1.2 | C57: Labels or names used to identify an attribute of each element. Categorical data use either the nominal or ordinal scale of measurement and may be nonnumeric or numeric. | D57: Make, Recommended, Owner Satisfaction
A58: Categorical variable | B58: §1.2 | C58: A variable with categorical data.
A59: Quantitative data | B59: §1.2 | C59: Numeric values that indicate how much or how many of something. Quantitative data are obtained using either the interval or ratio scale of measurement. | D59: Overall Score, Overall MPG, Acceleration
A60: Quantitative variable | B60: §1.2 | C60: A variable with quantitative data.
A61: Cross-sectional data | B61: §1.2 | C61: Data collected at the same or approximately the same point in time. | D61: all 15 vehicles, one model year, measured together
A62: Time series data | B62: §1.2 | C62: Data collected over several time periods. | D62: not in this file — see DATAFiles/Ch02/DATAfiles/gdp_years.xlsx
A63: Descriptive statistics | B63: §1.4 | C63: Tabular, graphical, and numerical summaries of data. | D63: the three-variable table above
A64: Population | B64: §1.5 | C64: The set of all elements of interest in a particular study. | D64: every compact SUV on sale
A65: Sample | B65: §1.5 | C65: A subset of the population. | D65: the 15 Consumer Reports chose to test
A66: Census | B66: §1.5 | C66: A survey to collect data on the entire population.
A67: Sample survey | B67: §1.5 | C67: A survey to collect data on a sample.
A68: Statistical inference | B68: §1.5 | C68: The process of using data obtained from a sample to make estimates or test hypotheses about the characteristics of a population. | D68: using these 15 to say something about compact SUVs generally
A69: Statistics | B69: gen. | C69: The art and science of collecting, analyzing, presenting, and interpreting data.
A70: Analytics | B70: §1.7 | C70: The scientific process of transforming data into insight for making better decisions.
A71: Descriptive Analytics | B71: §1.7 | C71: The set of analytical techniques that describe what has happened in the past.
A72: Predictive Analytics | B72: §1.7 | C72: The set of analytical techniques that use models constructed from past data to predict the future or assess the impact of one variable on another.
A73: Prescriptive Analytics | B73: §1.7 | C73: The set of analytical techniques that yield a best course of action.
A74: Big Data | B74: §1.8 | C74: A set of data that cannot be managed, processed, or analyzed with commonly available software in a reasonable amount of time.
A75: Data mining | B75: §1.8 | C75: The process of using procedures from statistics and computer science to extract useful information from extremely large databases.
A76: Shaded rows (§1.7-1.8) are Sep 1 material, not today's.
