Workbook

Sheet Data
A1: Nation | B1: WTO Status | C1: Per Capita GDP ($) | D1: Fitch Rating | E1: Fitch Outlook | G1: Outlook | H1: Frequency | I1: Relative Frequency | J1: Precent Frequency
A2: Armenia | B2: Member | C2: 4267 | D2: B+ | E2: Stable | G2: Negative | H2: =COUNTIF($E$2:$E$61,G2) -> 18 | I2: =H2/$H$5 -> 0.3 | J2: =I2*100 -> 30
A3: Australia | B3: Member | C3: 51812 | D3: AAA | E3: Negative | G3: Stable | H3: =COUNTIF($E$2:$E$61,G3) -> 39 | I3: =H3/$H$5 -> 0.65 | J3: =I3*100 -> 65
A4: Austria | B4: Member | C4: 48328 | D4: AA+ | E4: Stable | G4: Positive | H4: =COUNTIF($E$2:$E$61,G4) -> 3 | I4: =H4/$H$5 -> 0.05 | J4: =I4*100 -> 5
A5: Azerbaijan | B5: Observer | C5: 4214 | D5: BB+ | E5: Stable | G5: Total | H5: =SUM(H2:H4) -> 60
A6: Bahrain | B6: Member | C6: 28608 | D6: B+ | E6: Stable
A7: Belgium | B7: Member | C7: 44594 | D7: AA- | E7: Negative
A8: Brazil | B8: Member | C8: 6797 | D8: BB- | E8: Negative
A9: Bulgaria | B9: Member | C9: 9976 | D9: BBB | E9: Positive
A10: Canada | B10: Member | C10: 43258 | D10: AA+ | E10: Stable
A11: Cape Verde | B11: Member | C11: 43258 | D11: B- | E11: Stable
A12: Chile | B12: Member | C12: 13232 | D12: A- | E12: Stable
A13: China | B13: Member | C13: 10500 | D13: A+ | E13: Stable
A14: Colombia | B14: Member | C14: 5333 | D14: BBB- | E14: Negative
A15: CoStable Rica | B15: Member | C15: 12077 | D15: B | E15: Negative
A16: Croatia | B16: Member | C16: 13828 | D16: BBB- | E16: Stable
A17: Cyprus | B17: Member | C17: 26624 | D17: BBB- | E17: Stable
... A61: Vietnam | B61: Member | C61: 2786 | D61: BB | E61: Positive

Sheet Summary
A1: BMGT 240IS · Chapter 1 · nations.xlsx — Summary
A2: Camm et al., Essentials of Modern Business Statistics with Microsoft Excel, 9e · §1.2 — every figure below is a live formula against the Data sheet, not a pasted value.
A4: DATA SET ANATOMY
A5: Elements (nations) | B5: =COUNTA(Data!A2:A61) -> 60 | C5: column A holds observation names, not data
A6: Variables | B6: =COUNTA(Data!B1:E1) -> 4 | C6: B1:E1 — 'Nation' is a label, not a variable
A7: Observations | B7: =B5 -> 60 | C7: one per element; a data set with n elements has n observations
A8: Data values | B8: =B5*B6 -> 240 | C8: elements × variables
A10: VARIABLE SUMMARY
A11: Variable | B11: Scale of measurement | C11: Categorical / quantitative | D11: Distinct values | E11: Distribution in this file
A12: WTO Status | B12: Nominal | C12: Categorical | D12: =SUMPRODUCT((Data!B2:B61<>"")/COUNTIF(Data!B2:B61,Data!B2:B61&"")) -> 2 | E12: ="Member "&COUNTIF(Data!B2:B61,"Member")&" · Observer "&COUNTIF(Data!B2:B61,"Observer") -> Member 57 · Observer 3 | F12: ← no interval-scale variable in this file; the book uses SAT scores for that
A13: Per Capita GDP ($) | B13: Ratio | C13: Quantitative | D13: =SUMPRODUCT((Data!C2:C61<>"")/COUNTIF(Data!C2:C61,Data!C2:C61&"")) -> 57 | E13: ="$"&TEXT(MIN(Data!C2:C61),"#,##0")&" to $"&TEXT(MAX(Data!C2:C61),"#,##0") -> $798 to $87,097
A14: Fitch Rating | B14: Ordinal | C14: Categorical | D14: =SUMPRODUCT((Data!D2:D61<>"")/COUNTIF(Data!D2:D61,Data!D2:D61&"")) -> 16 | E14: ="B- to AAA · AAA appears "&COUNTIF(Data!D2:D61,"AAA")&" times" -> B- to AAA · AAA appears 7 times
A15: Fitch Outlook | B15: Ordinal | C15: Categorical | D15: =SUMPRODUCT((Data!E2:E61<>"")/COUNTIF(Data!E2:E61,Data!E2:E61&"")) -> 3 | E15: ="Stable "&COUNTIF(Data!E2:E61,"Stable")&" · Negative "&COUNTIF(Data!E2:E61,"Negative")&" · Positive "&COUNTIF(Data!E2:E61,"Positive") -> Stable 39 · Negative 18 · Positive 3
A18: PER CAPITA GDP ($) — NUMERIC SUMMARY
A19: n | B19: =COUNT(Data!C2:C61) -> 60 | C19: all 60 cells numeric — compare COUNT with COUNTA
A20: Minimum | B20: =MIN(Data!C2:C61) -> 798 | C20: =INDEX(Data!A2:A61,MATCH(MIN(Data!C2:C61),Data!C2:C61,0)) -> Rwanda
A21: Maximum | B21: =MAX(Data!C2:C61) -> 87097 | C21: =INDEX(Data!A2:A61,MATCH(MAX(Data!C2:C61),Data!C2:C61,0)) -> Switzerland
A22: Mean | B22: =AVERAGE(Data!C2:C61) -> 23704.45
A23: Median | B23: =MEDIAN(Data!C2:C61) -> 15547
A24: Mean ÷ median | B24: =B22/B23 -> 1.5246961 | C24: above 1 means right-skewed — a few very rich nations pull the mean up
A25: Nations above the mean | B25: =COUNTIF(Data!C2:C61,">"&B22) -> 22 | C25: out of 60 — the mean is not 'the middle'
A26: Standard deviation (sample) | B26: =_xludf.STDEV.S(Data!C2:C61) -> #NAME? | C26: course convention: .S variants
A28: WHICH ARITHMETIC IS LEGAL — the day-1 demo
A29: Ratio scale — the mean means something: | B29: =AVERAGE(Data!C2:C61) -> 23704.45
A30: Ordinal scale — Excel refuses, loudly: | B30: =AVERAGE(Data!D2:D61) -> #DIV/0! | C30: returns #DIV/0! — the column is entirely text, so there is nothing to average
A31: The dangerous case is the one that does NOT error: | C31: in compactsuv.xlsx, =AVERAGE(E2:E16) returns a clean, wrong 0 — seven numeric zeros averaged, eight text cells silently discarded. COUNT vs COUNTA is the only tell.
A33: DATA QUALITY FLAGS — errors present in the publisher file (§1.3, §1.9)
A34: Row | B34: Nation | C34: Problem | D34: How it is detectable
A35: =MATCH("CoStable Rica",Data!A1:A61,0) -> 15 | B35: CoStable Rica | C35: Should read "Costa Rica". A find-and-replace of "sta" to "Stable" hit column A. | D35: String scan — no outside knowledge needed
A36: =MATCH("South Korea",Data!A1:A61,0) -> 44 | B36: South Korea | C36: Per capita GDP of $1,805 is wrong by roughly 17x; actual is near $31,600. | D36: Cross-column contradiction: a nation rated AA- cannot sit below Kenya
A37: =MATCH("Cape Verde",Data!A1:A61,0) -> 11 | B37: Cape Verde | C37: GDP of $43,258 is wrong; actual is near $3,000 — and it duplicates Canada's value exactly. | D37: Duplicate check: identical to the row above it
A39: Each error is caught by a different technique — a string scan, a cross-column sanity check, and a duplicate check. That is a repeatable data audit, on the textbook's own file.
